,im_loc,gt,set
0,d1.jpg,0.09295897096844044,train
1,d2.jpg,0.0928918853804794,train
2,d3.jpg,0.0643633904196319,validation
3,d4.jpg,0.1307342672380417,test
4,c1.jpg,0.9315598442470565,train
5,c2.jpg,0.9041585549802813,train
6,c3.jpg,0.9552567179028224,validation
7,c4.jpg,0.9364390367627957,test
